PDF ID,Mean,1σ,Q25,Q50,Q75,N. events hyp. 1,N. events hyp. 2
1,-1994.67131132012,563.306462154885,-2495.59513078885,-1974.23791141511,-1524.37266808978,1,2
2,-764.411507504152,139.983120522907,-880.329338012285,-761.668915905262,-646.463573879122,2,1
3,356.111366679846,488.778676021374,-56.6936182600082,352.010179369588,783.602812001908,1,1
